id,url,record,summary title,identifiers,collection,authors,publication dates,publication places,publisher,volume,series dates,topics,notes,dimensions,extents,page count,image count,page numbers,illustrated,toc,thumb,pdf,epub,text,illustrations
ukmhl-b28407313,https://ukmhl.historicaltexts.jisc.ac.uk/ukmhl-b28407313,https://ukmhl.historicaltexts.jisc.ac.uk/elasticsearch/ukmhl/publication/ukmhl-b28407313,"Practical œconomy, or, A proposal for enabling the poor to provide for themselves : with remarks on the establishment of soup houses : and an investigation of the real cause of the present extravagant consumption of fine wheaten bread by the people of this country",[document] b28407313 | [RCPL] 24784 | [UkLW] b28407313 | ,Royal College of Physicians | ,,1801 | ,London | ,J. Callow | ,,,Self Help | ,"[holder of duplicates] This material has been provided by Royal College of Physicians, London. The original may be consulted at Royal College of Physicians, London. | [holder of originals] Royal College of Physicians, London. | ",19 cm | ,"vii, 55 p | ",64,64,true,true,https://ukmhl.historicaltexts.jisc.ac.uk/media/web/ukmhl/33/items/b28407313/b28407313_alto/toc.json,https://ukmhl.historicaltexts.jisc.ac.uk/media/thumb/ukmhl/33/items/b28407313/b28407313_thumb/b28407313_0003.jpg,https://ukmhl.historicaltexts.jisc.ac.uk/media/pdf/ukmhl/33/items/b28407313/b28407313.pdf,https://ukmhl.historicaltexts.jisc.ac.uk/media/web/,https://ukmhl.historicaltexts.jisc.ac.uk/media/web/ukmhl/33/items/b28407313/b28407313_djvu.txt,
ukmhl-b21471848_0002,https://ukmhl.historicaltexts.jisc.ac.uk/ukmhl-b21471848_0002,https://ukmhl.historicaltexts.jisc.ac.uk/elasticsearch/ukmhl/publication/ukmhl-b21471848_0002,The Book of the household,[document] b21471848_0002 | [Glasgow] b22196171 | [UkLW] b21471848 | ,University of Glasgow Library | ,,1862-1864 | ,London | ,London Print. And Pub. Co | ,2 | ,[earliest]1862 | [latest]1864 | ,Home economics | ,[holder of duplicates] This material has been provided by The University of Glasgow Library. The original may be consulted at The University of Glasgow Library. | [holder of originals] The University of Glasgow Library. | ,27 cm | ,2 v | ,610,610,true,true,https://ukmhl.historicaltexts.jisc.ac.uk/media/web/ukmhl/7/items/b21471848_0002/b21471848_0002_alto/toc.json,https://ukmhl.historicaltexts.jisc.ac.uk/media/thumb/ukmhl/7/items/b21471848_0002/b21471848_0002_thumb/b21471848_0002_0001.jpg,https://ukmhl.historicaltexts.jisc.ac.uk/media/pdf/ukmhl/7/items/b21471848_0002/b21471848_0002.pdf,https://ukmhl.historicaltexts.jisc.ac.uk/media/web/ukmhl/7/items/b21471848_0002/b21471848_0002.epub,https://ukmhl.historicaltexts.jisc.ac.uk/media/web/ukmhl/7/items/b21471848_0002/b21471848_0002_djvu.txt,https://ukmhl.historicaltexts.jisc.ac.uk/media/illustrations/ukmhl/7/items/b21471848_0002/b21471848_0002_jp2/b21471848_0002_139_1.jpeg | https://ukmhl.historicaltexts.jisc.ac.uk/media/illustrations/ukmhl/7/items/b21471848_0002/b21471848_0002_jp2/b21471848_0002_273_1.jpeg | https://ukmhl.historicaltexts.jisc.ac.uk/media/illustrations/ukmhl/7/items/b21471848_0002/b21471848_0002_jp2/b21471848_0002_422_1.jpeg | https://ukmhl.historicaltexts.jisc.ac.uk/media/illustrations/ukmhl/7/items/b21471848_0002/b21471848_0002_jp2/b21471848_0002_43_1.jpeg | 
ukmhl-b21471691,https://ukmhl.historicaltexts.jisc.ac.uk/ukmhl-b21471691,https://ukmhl.historicaltexts.jisc.ac.uk/elasticsearch/ukmhl/publication/ukmhl-b21471691,The gastronomic regenerator,[document] b21471691 | [Glasgow] b12358927 | [UkLW] b21471691 | ,University of Glasgow Library | ,"Soyer, Alexis, 1809-1858 | ",1847 | ,London | ,"Simpkin, Marshall & Co | ",,,Cookery | ,[holder of duplicates] This material has been provided by The University of Glasgow Library. The original may be consulted at The University of Glasgow Library. | [holder of originals] The University of Glasgow Library. | ,23 cm | ,"xxviii, 720, 17, 24 p | ",846,846,true,true,https://ukmhl.historicaltexts.jisc.ac.uk/media/web/ukmhl/0/items/b21471691/b21471691_alto/toc.json,https://ukmhl.historicaltexts.jisc.ac.uk/media/thumb/ukmhl/0/items/b21471691/b21471691_thumb/b21471691_0001.jpg,https://ukmhl.historicaltexts.jisc.ac.uk/media/pdf/ukmhl/0/items/b21471691/b21471691.pdf,https://ukmhl.historicaltexts.jisc.ac.uk/media/web/ukmhl/0/items/b21471691/b21471691.epub,https://ukmhl.historicaltexts.jisc.ac.uk/media/web/ukmhl/0/items/b21471691/b21471691_djvu.txt,https://ukmhl.historicaltexts.jisc.ac.uk/media/illustrations/ukmhl/0/items/b21471691/b21471691_jp2/b21471691_27_1.jpeg | https://ukmhl.historicaltexts.jisc.ac.uk/media/illustrations/ukmhl/0/items/b21471691/b21471691_jp2/b21471691_39_1.jpeg | https://ukmhl.historicaltexts.jisc.ac.uk/media/illustrations/ukmhl/0/items/b21471691/b21471691_jp2/b21471691_674_1.jpeg | https://ukmhl.historicaltexts.jisc.ac.uk/media/illustrations/ukmhl/0/items/b21471691/b21471691_jp2/b21471691_675_1.jpeg | https://ukmhl.historicaltexts.jisc.ac.uk/media/illustrations/ukmhl/0/items/b21471691/b21471691_jp2/b21471691_675_2.jpeg | https://ukmhl.historicaltexts.jisc.ac.uk/media/illustrations/ukmhl/0/items/b21471691/b21471691_jp2/b21471691_676_1.jpeg | https://ukmhl.historicaltexts.jisc.ac.uk/media/illustrations/ukmhl/0/items/b21471691/b21471691_jp2/b21471691_679_1.jpeg | https://ukmhl.historicaltexts.jisc.ac.uk/media/illustrations/ukmhl/0/items/b21471691/b21471691_jp2/b21471691_680_1.jpeg | https://ukmhl.historicaltexts.jisc.ac.uk/media/illustrations/ukmhl/0/items/b21471691/b21471691_jp2/b21471691_682_1.jpeg | https://ukmhl.historicaltexts.jisc.ac.uk/media/illustrations/ukmhl/0/items/b21471691/b21471691_jp2/b21471691_683_1.jpeg | https://ukmhl.historicaltexts.jisc.ac.uk/media/illustrations/ukmhl/0/items/b21471691/b21471691_jp2/b21471691_685_1.jpeg | https://ukmhl.historicaltexts.jisc.ac.uk/media/illustrations/ukmhl/0/items/b21471691/b21471691_jp2/b21471691_774_1.jpeg | https://ukmhl.historicaltexts.jisc.ac.uk/media/illustrations/ukmhl/0/items/b21471691/b21471691_jp2/b21471691_783_1.jpeg | https://ukmhl.historicaltexts.jisc.ac.uk/media/illustrations/ukmhl/0/items/b21471691/b21471691_jp2/b21471691_789_1.jpeg | https://ukmhl.historicaltexts.jisc.ac.uk/media/illustrations/ukmhl/0/items/b21471691/b21471691_jp2/b21471691_793_1.jpeg | https://ukmhl.historicaltexts.jisc.ac.uk/media/illustrations/ukmhl/0/items/b21471691/b21471691_jp2/b21471691_793_2.jpeg | 
ukmhl-b21901557,https://ukmhl.historicaltexts.jisc.ac.uk/ukmhl-b21901557,https://ukmhl.historicaltexts.jisc.ac.uk/elasticsearch/ukmhl/publication/ukmhl-b21901557,Food and feeding,[document] b21901557 | [UkLW] b21901557 | ,Royal College of Physicians of Edinburgh (RCPE) | ,,1891 | ,London | ,F. Warne | ,,,Food | ,[holder of duplicates] This material has been provided by the Royal College of Physicians of Edinburgh. The original may be consulted at the Royal College of Physicians of Edinburgh. | [holder of originals] Royal College of Physicians of Edinburgh. | ,,"x, 222 p | ",240,240,true,true,https://ukmhl.historicaltexts.jisc.ac.uk/media/web/ukmhl/27/items/b21901557/b21901557_alto/toc.json,https://ukmhl.historicaltexts.jisc.ac.uk/media/thumb/ukmhl/29/items/b21901557/b21901557_thumb/b21901557_0001.jpg,https://ukmhl.historicaltexts.jisc.ac.uk/media/pdf/ukmhl/29/items/b21901557/b21901557.pdf,https://ukmhl.historicaltexts.jisc.ac.uk/media/web/ukmhl/29/items/b21901557/b21901557.epub,https://ukmhl.historicaltexts.jisc.ac.uk/media/web/ukmhl/29/items/b21901557/b21901557_djvu.txt,https://ukmhl.historicaltexts.jisc.ac.uk/media/illustrations/ukmhl/29/items/b21901557/b21901557_jp2/b21901557_223_1.jpeg | https://ukmhl.historicaltexts.jisc.ac.uk/media/illustrations/ukmhl/29/items/b21901557/b21901557_jp2/b21901557_2_1.jpeg | 
ukmhl-b21527234,https://ukmhl.historicaltexts.jisc.ac.uk/ukmhl-b21527234,https://ukmhl.historicaltexts.jisc.ac.uk/elasticsearch/ukmhl/publication/ukmhl-b21527234,"Homely hints on food and cooking, digestion and indigestion",[document] b21527234 | [Leeds] b18069447 | [UkLW] b21527234 | ,University of Leeds Library | ,,1902 | ,Leeds | ,Cooke | ,,,Diet | ,[bibliography] Includes index. | [general] Author named on front board. | [general] By Monsieur Alfonse. | [general] Cover title: Homely hints on diet and cookery. | [holder of duplicates] This material has been provided by The University of Leeds Library. The original may be consulted at The University of Leeds Library. | [holder of originals] The University of Leeds Library. | ,18 cm | ,124 p | ,136,136,true,true,https://ukmhl.historicaltexts.jisc.ac.uk/media/web/ukmhl/4/items/b21527234/b21527234_alto/toc.json,https://ukmhl.historicaltexts.jisc.ac.uk/media/thumb/ukmhl/4/items/b21527234/b21527234_thumb/b21527234_0001.jpg,https://ukmhl.historicaltexts.jisc.ac.uk/media/pdf/ukmhl/4/items/b21527234/b21527234.pdf,https://ukmhl.historicaltexts.jisc.ac.uk/media/web/ukmhl/4/items/b21527234/b21527234.epub,https://ukmhl.historicaltexts.jisc.ac.uk/media/web/ukmhl/4/items/b21527234/b21527234_djvu.txt,https://ukmhl.historicaltexts.jisc.ac.uk/media/illustrations/ukmhl/4/items/b21527234/b21527234_jp2/b21527234_134_1.jpeg | 
ukmhl-b21517824,https://ukmhl.historicaltexts.jisc.ac.uk/ukmhl-b21517824,https://ukmhl.historicaltexts.jisc.ac.uk/elasticsearch/ukmhl/publication/ukmhl-b21517824,Health in the house,[document] b21517824 | [Leeds] b10248705 | [UkLW] b21517824 | ,University of Leeds Library | ,"Buckton, Catherine M | ",1876 | ,London | ,"Longmans, Green | ",,,Physiology | ,[holder of duplicates] This material has been provided by The University of Leeds Library. The original may be consulted at The University of Leeds Library. | [holder of originals] The University of Leeds Library. | ,18 cm | ,"xx, 207, 1 p | ",234,234,true,true,https://ukmhl.historicaltexts.jisc.ac.uk/media/web/ukmhl/22/items/b21517824/b21517824_alto/toc.json,https://ukmhl.historicaltexts.jisc.ac.uk/media/thumb/ukmhl/22/items/b21517824/b21517824_thumb/b21517824_0001.jpg,https://ukmhl.historicaltexts.jisc.ac.uk/media/pdf/ukmhl/22/items/b21517824/b21517824.pdf,https://ukmhl.historicaltexts.jisc.ac.uk/media/web/ukmhl/22/items/b21517824/b21517824.epub,https://ukmhl.historicaltexts.jisc.ac.uk/media/web/ukmhl/22/items/b21517824/b21517824_djvu.txt,https://ukmhl.historicaltexts.jisc.ac.uk/media/illustrations/ukmhl/22/items/b21517824/b21517824_jp2/b21517824_105_1.jpeg | https://ukmhl.historicaltexts.jisc.ac.uk/media/illustrations/ukmhl/22/items/b21517824/b21517824_jp2/b21517824_108_1.jpeg | https://ukmhl.historicaltexts.jisc.ac.uk/media/illustrations/ukmhl/22/items/b21517824/b21517824_jp2/b21517824_111_1.jpeg | https://ukmhl.historicaltexts.jisc.ac.uk/media/illustrations/ukmhl/22/items/b21517824/b21517824_jp2/b21517824_205_1.jpeg | https://ukmhl.historicaltexts.jisc.ac.uk/media/illustrations/ukmhl/22/items/b21517824/b21517824_jp2/b21517824_26_1.jpeg | https://ukmhl.historicaltexts.jisc.ac.uk/media/illustrations/ukmhl/22/items/b21517824/b21517824_jp2/b21517824_42_1.jpeg | https://ukmhl.historicaltexts.jisc.ac.uk/media/illustrations/ukmhl/22/items/b21517824/b21517824_jp2/b21517824_43_1.jpeg | https://ukmhl.historicaltexts.jisc.ac.uk/media/illustrations/ukmhl/22/items/b21517824/b21517824_jp2/b21517824_47_1.jpeg | https://ukmhl.historicaltexts.jisc.ac.uk/media/illustrations/ukmhl/22/items/b21517824/b21517824_jp2/b21517824_55_1.jpeg | https://ukmhl.historicaltexts.jisc.ac.uk/media/illustrations/ukmhl/22/items/b21517824/b21517824_jp2/b21517824_56_1.jpeg | https://ukmhl.historicaltexts.jisc.ac.uk/media/illustrations/ukmhl/22/items/b21517824/b21517824_jp2/b21517824_62_1.jpeg | https://ukmhl.historicaltexts.jisc.ac.uk/media/illustrations/ukmhl/22/items/b21517824/b21517824_jp2/b21517824_86_1.jpeg | https://ukmhl.historicaltexts.jisc.ac.uk/media/illustrations/ukmhl/22/items/b21517824/b21517824_jp2/b21517824_87_1.jpeg | https://ukmhl.historicaltexts.jisc.ac.uk/media/illustrations/ukmhl/22/items/b21517824/b21517824_jp2/b21517824_89_1.jpeg | https://ukmhl.historicaltexts.jisc.ac.uk/media/illustrations/ukmhl/22/items/b21517824/b21517824_jp2/b21517824_90_1.jpeg | https://ukmhl.historicaltexts.jisc.ac.uk/media/illustrations/ukmhl/22/items/b21517824/b21517824_jp2/b21517824_93_1.jpeg | https://ukmhl.historicaltexts.jisc.ac.uk/media/illustrations/ukmhl/22/items/b21517824/b21517824_jp2/b21517824_99_1.jpeg | 
ukmhl-b21471824,https://ukmhl.historicaltexts.jisc.ac.uk/ukmhl-b21471824,https://ukmhl.historicaltexts.jisc.ac.uk/elasticsearch/ukmhl/publication/ukmhl-b21471824,Beeton's every-day cookery and housekeeping book,[document] b21471824 | [Glasgow] b12352056 | [UkLW] b21471824 | ,University of Glasgow Library | ,"Beeton, Isabella Mary | ",1872 | ,London | ,"Ward, Lock And Tyler | ",,,Home economics | ,[holder of duplicates] This material has been provided by The University of Glasgow Library. The original may be consulted at The University of Glasgow Library. | [holder of originals] The University of Glasgow Library. | ,19 cm | ,"lxiv, 404 p | ",504,504,true,true,https://ukmhl.historicaltexts.jisc.ac.uk/media/web/ukmhl/5/items/b21471824/b21471824_alto/toc.json,https://ukmhl.historicaltexts.jisc.ac.uk/media/thumb/ukmhl/5/items/b21471824/b21471824_thumb/b21471824_0001.jpg,https://ukmhl.historicaltexts.jisc.ac.uk/media/pdf/ukmhl/5/items/b21471824/b21471824.pdf,https://ukmhl.historicaltexts.jisc.ac.uk/media/web/ukmhl/5/items/b21471824/b21471824.epub,https://ukmhl.historicaltexts.jisc.ac.uk/media/web/ukmhl/5/items/b21471824/b21471824_djvu.txt,https://ukmhl.historicaltexts.jisc.ac.uk/media/illustrations/ukmhl/5/items/b21471824/b21471824_jp2/b21471824_245_1.jpeg | https://ukmhl.historicaltexts.jisc.ac.uk/media/illustrations/ukmhl/5/items/b21471824/b21471824_jp2/b21471824_318_1.jpeg | 
ukmhl-b21526886,https://ukmhl.historicaltexts.jisc.ac.uk/ukmhl-b21526886,https://ukmhl.historicaltexts.jisc.ac.uk/elasticsearch/ukmhl/publication/ukmhl-b21526886,The breakfast book,[document] b21526886 | [Leeds] b18067852 | [UkLW] b21526886 | ,University of Leeds Library | ,"Hill, Georgiana | ",1865 | ,London | ,Bentley | ,,,Cookery | ,"[general] Anon., by Georgiana Hill. | [holder of duplicates] This material has been provided by The University of Leeds Library. The original may be consulted at The University of Leeds Library. | [holder of originals] The University of Leeds Library. | ",17 cm | ,"xii, 139 p | ",160,160,true,true,https://ukmhl.historicaltexts.jisc.ac.uk/media/web/ukmhl/19/items/b21526886/b21526886_alto/toc.json,https://ukmhl.historicaltexts.jisc.ac.uk/media/thumb/ukmhl/11/items/b21526886/b21526886_thumb/b21526886_0001.jpg,https://ukmhl.historicaltexts.jisc.ac.uk/media/pdf/ukmhl/11/items/b21526886/b21526886.pdf,https://ukmhl.historicaltexts.jisc.ac.uk/media/web/ukmhl/11/items/b21526886/b21526886.epub,https://ukmhl.historicaltexts.jisc.ac.uk/media/web/ukmhl/11/items/b21526886/b21526886_djvu.txt,
ukmhl-b21504830,https://ukmhl.historicaltexts.jisc.ac.uk/ukmhl-b21504830,https://ukmhl.historicaltexts.jisc.ac.uk/elasticsearch/ukmhl/publication/ukmhl-b21504830,"Soups, broths, purées",[document] b21504830 | [Leeds] b1806940x | [UkLW] b21504830 | ,University of Leeds Library | ,"Allen, M. L | ",1894 | ,London | ,J.s. Virtue | ,,,Cookery | ,[holder of duplicates] This material has been provided by The University of Leeds Library. The original may be consulted at The University of Leeds Library. | [holder of originals] The University of Leeds Library. | ,17 cm | ,"xv, 76 p | ",88,88,true,true,https://ukmhl.historicaltexts.jisc.ac.uk/media/web/ukmhl/21/items/b21504830/b21504830_alto/toc.json,https://ukmhl.historicaltexts.jisc.ac.uk/media/thumb/ukmhl/21/items/b21504830/b21504830_thumb/b21504830_0003.jpg,https://ukmhl.historicaltexts.jisc.ac.uk/media/pdf/ukmhl/21/items/b21504830/b21504830.pdf,https://ukmhl.historicaltexts.jisc.ac.uk/media/web/ukmhl/21/items/b21504830/b21504830.epub,https://ukmhl.historicaltexts.jisc.ac.uk/media/web/ukmhl/21/items/b21504830/b21504830_djvu.txt,
ukmhl-b21716663,https://ukmhl.historicaltexts.jisc.ac.uk/ukmhl-b21716663,https://ukmhl.historicaltexts.jisc.ac.uk/elasticsearch/ukmhl/publication/ukmhl-b21716663,Die Krankenkost,[document] b21716663 | [UkLW] b21716663 | ,Royal College of Physicians of Edinburgh (RCPE) | ,Heyl Hedwig | ,1889 | ,Berlin | ,C. Habel | ,,,Diet | ,[holder of duplicates] This material has been provided by the Royal College of Physicians of Edinburgh. The original may be consulted at the Royal College of Physicians of Edinburgh. | [holder of originals] Royal College of Physicians of Edinburgh. | ,,"xvi, 301 p | ",332,332,true,true,https://ukmhl.historicaltexts.jisc.ac.uk/media/web/ukmhl/4/items/b21716663/b21716663_alto/toc.json,https://ukmhl.historicaltexts.jisc.ac.uk/media/thumb/ukmhl/4/items/b21716663/b21716663_thumb/b21716663_0001.jpg,https://ukmhl.historicaltexts.jisc.ac.uk/media/pdf/ukmhl/4/items/b21716663/b21716663.pdf,https://ukmhl.historicaltexts.jisc.ac.uk/media/web/ukmhl/4/items/b21716663/b21716663.epub,https://ukmhl.historicaltexts.jisc.ac.uk/media/web/ukmhl/4/items/b21716663/b21716663_djvu.txt,
ukmhl-b21901569,https://ukmhl.historicaltexts.jisc.ac.uk/ukmhl-b21901569,https://ukmhl.historicaltexts.jisc.ac.uk/elasticsearch/ukmhl/publication/ukmhl-b21901569,Food and feeding,[document] b21901569 | [UkLW] b21901569 | ,Royal College of Physicians of Edinburgh (RCPE) | ,,1880 | ,London | ,F. Warne | ,,,Food | ,"[general] Publ: ""Reprinted from the 'Nineteenth Century,' with considerable additions"" | [holder of duplicates] This material has been provided by the Royal College of Physicians of Edinburgh. The original may be consulted at the Royal College of Physicians of Edinburgh. | [holder of originals] Royal College of Physicians of Edinburgh. | ",,"ix, 147 p | ",168,168,true,true,https://ukmhl.historicaltexts.jisc.ac.uk/media/web/ukmhl/12/items/b21901569/b21901569_alto/toc.json,https://ukmhl.historicaltexts.jisc.ac.uk/media/thumb/ukmhl/12/items/b21901569/b21901569_thumb/b21901569_0001.jpg,https://ukmhl.historicaltexts.jisc.ac.uk/media/pdf/ukmhl/12/items/b21901569/b21901569.pdf,https://ukmhl.historicaltexts.jisc.ac.uk/media/web/ukmhl/12/items/b21901569/b21901569.epub,https://ukmhl.historicaltexts.jisc.ac.uk/media/web/ukmhl/12/items/b21901569/b21901569_djvu.txt,
ukmhl-b21471733,https://ukmhl.historicaltexts.jisc.ac.uk/ukmhl-b21471733,https://ukmhl.historicaltexts.jisc.ac.uk/elasticsearch/ukmhl/publication/ukmhl-b21471733,The young cook's guide; with practical observations,[document] b21471733 | [Glasgow] b22186992 | [UkLW] b21471733 | ,University of Glasgow Library | ,"Roberts, I | ",1836 | ,London | ,Laking | ,,,Food | ,[holder of duplicates] This material has been provided by The University of Glasgow Library. The original may be consulted at The University of Glasgow Library. | [holder of originals] The University of Glasgow Library. | ,22 cm | ,"1 l., iv, x, viii, 307, iii p | ",348,348,true,true,https://ukmhl.historicaltexts.jisc.ac.uk/media/web/ukmhl/6/items/b21471733/b21471733_alto/toc.json,https://ukmhl.historicaltexts.jisc.ac.uk/media/thumb/ukmhl/6/items/b21471733/b21471733_thumb/b21471733_0001.jpg,https://ukmhl.historicaltexts.jisc.ac.uk/media/pdf/ukmhl/6/items/b21471733/b21471733.pdf,https://ukmhl.historicaltexts.jisc.ac.uk/media/web/ukmhl/6/items/b21471733/b21471733.epub,https://ukmhl.historicaltexts.jisc.ac.uk/media/web/ukmhl/6/items/b21471733/b21471733_djvu.txt,
ukmhl-b2150491x,https://ukmhl.historicaltexts.jisc.ac.uk/ukmhl-b2150491x,https://ukmhl.historicaltexts.jisc.ac.uk/elasticsearch/ukmhl/publication/ukmhl-b2150491x,"Cyclopædia of foods, condiments and beverages",[document] b2150491x | [Leeds] b1809417x | [UkLW] b2150491x | ,University of Leeds Library | ,"Hoffman, J. W | ",1890 | ,London | ,"Simpkin, Marshall | ",,,Food | ,[holder of duplicates] This material has been provided by The University of Leeds Library. The original may be consulted at The University of Leeds Library. | [holder of originals] The University of Leeds Library. | ,19 cm | ,"xiii, 306 p | ",344,344,true,true,https://ukmhl.historicaltexts.jisc.ac.uk/media/web/ukmhl/28/items/b2150491x/b2150491x_alto/toc.json,https://ukmhl.historicaltexts.jisc.ac.uk/media/thumb/ukmhl/5/items/b2150491x/b2150491x_thumb/b2150491x_0001.jpg,https://ukmhl.historicaltexts.jisc.ac.uk/media/pdf/ukmhl/5/items/b2150491x/b2150491x.pdf,https://ukmhl.historicaltexts.jisc.ac.uk/media/web/ukmhl/5/items/b2150491x/b2150491x.epub,https://ukmhl.historicaltexts.jisc.ac.uk/media/web/ukmhl/5/items/b2150491x/b2150491x_djvu.txt,
ukmhl-b21958336,https://ukmhl.historicaltexts.jisc.ac.uk/ukmhl-b21958336,https://ukmhl.historicaltexts.jisc.ac.uk/elasticsearch/ukmhl/publication/ukmhl-b21958336,Our Viands. Whence they come and how they are cooked with a bundle of old recipes from cookery books of the last century,[document] b21958336 | [UkLW] b21958336 | ,Royal College of Physicians of Edinburgh (RCPE) | ,,1893 | ,London | ,Ward And Downey | ,,,Food | ,[holder of duplicates] This material has been provided by the Royal College of Physicians of Edinburgh. The original may be consulted at the Royal College of Physicians of Edinburgh. | [holder of originals] Royal College of Physicians of Edinburgh. | ,,308p | ,316,316,true,true,https://ukmhl.historicaltexts.jisc.ac.uk/media/web/ukmhl/10/items/b21958336/b21958336_alto/toc.json,https://ukmhl.historicaltexts.jisc.ac.uk/media/thumb/ukmhl/25/items/b21958336/b21958336_thumb/b21958336_0001.jpg,https://ukmhl.historicaltexts.jisc.ac.uk/media/pdf/ukmhl/25/items/b21958336/b21958336.pdf,https://ukmhl.historicaltexts.jisc.ac.uk/media/web/ukmhl/25/items/b21958336/b21958336.epub,https://ukmhl.historicaltexts.jisc.ac.uk/media/web/ukmhl/25/items/b21958336/b21958336_djvu.txt,
ukmhl-b2147185x_0001,https://ukmhl.historicaltexts.jisc.ac.uk/ukmhl-b2147185x_0001,https://ukmhl.historicaltexts.jisc.ac.uk/elasticsearch/ukmhl/publication/ukmhl-b2147185x_0001,Cassell's dictionary of cookery,[document] b2147185x_0001 | [Glasgow] b2219597x | [UkLW] b2147185x | ,University of Glasgow Library | ,,1892 | ,London | ,Cassell & Co | ,1 | ,[earliest]1892 | [latest]1892 | ,Cookery | ,"[general] ""One hundred and fifteenth thousand."" | [holder of duplicates] This material has been provided by The University of Glasgow Library. The original may be consulted at The University of Glasgow Library. | [holder of originals] The University of Glasgow Library. | ",24 cm | ,"2 v. (iv, xcvi, 1178 p., 4 leaves of plates) | ",632,632,true,true,https://ukmhl.historicaltexts.jisc.ac.uk/media/web/ukmhl/5/items/b2147185x_0001/b2147185x_0001_alto/toc.json,https://ukmhl.historicaltexts.jisc.ac.uk/media/thumb/ukmhl/5/items/b2147185x_0001/b2147185x_0001_thumb/b2147185x_0001_0001.jpg,https://ukmhl.historicaltexts.jisc.ac.uk/media/pdf/ukmhl/5/items/b2147185x_0001/b2147185x_0001.pdf,https://ukmhl.historicaltexts.jisc.ac.uk/media/web/ukmhl/5/items/b2147185x_0001/b2147185x_0001.epub,https://ukmhl.historicaltexts.jisc.ac.uk/media/web/ukmhl/5/items/b2147185x_0001/b2147185x_0001_djvu.txt,https://ukmhl.historicaltexts.jisc.ac.uk/media/illustrations/ukmhl/5/items/b2147185x_0001/b2147185x_0001_jp2/b2147185x_0001_120_1.jpeg | https://ukmhl.historicaltexts.jisc.ac.uk/media/illustrations/ukmhl/5/items/b2147185x_0001/b2147185x_0001_jp2/b2147185x_0001_120_2.jpeg | https://ukmhl.historicaltexts.jisc.ac.uk/media/illustrations/ukmhl/5/items/b2147185x_0001/b2147185x_0001_jp2/b2147185x_0001_129_1.jpeg | https://ukmhl.historicaltexts.jisc.ac.uk/media/illustrations/ukmhl/5/items/b2147185x_0001/b2147185x_0001_jp2/b2147185x_0001_143_1.jpeg | https://ukmhl.historicaltexts.jisc.ac.uk/media/illustrations/ukmhl/5/items/b2147185x_0001/b2147185x_0001_jp2/b2147185x_0001_143_2.jpeg | https://ukmhl.historicaltexts.jisc.ac.uk/media/illustrations/ukmhl/5/items/b2147185x_0001/b2147185x_0001_jp2/b2147185x_0001_147_1.jpeg | https://ukmhl.historicaltexts.jisc.ac.uk/media/illustrations/ukmhl/5/items/b2147185x_0001/b2147185x_0001_jp2/b2147185x_0001_158_1.jpeg | https://ukmhl.historicaltexts.jisc.ac.uk/media/illustrations/ukmhl/5/items/b2147185x_0001/b2147185x_0001_jp2/b2147185x_0001_169_1.jpeg | https://ukmhl.historicaltexts.jisc.ac.uk/media/illustrations/ukmhl/5/items/b2147185x_0001/b2147185x_0001_jp2/b2147185x_0001_190_1.jpeg | https://ukmhl.historicaltexts.jisc.ac.uk/media/illustrations/ukmhl/5/items/b2147185x_0001/b2147185x_0001_jp2/b2147185x_0001_211_1.jpeg | https://ukmhl.historicaltexts.jisc.ac.uk/media/illustrations/ukmhl/5/items/b2147185x_0001/b2147185x_0001_jp2/b2147185x_0001_246_1.jpeg | https://ukmhl.historicaltexts.jisc.ac.uk/media/illustrations/ukmhl/5/items/b2147185x_0001/b2147185x_0001_jp2/b2147185x_0001_256_1.jpeg | https://ukmhl.historicaltexts.jisc.ac.uk/media/illustrations/ukmhl/5/items/b2147185x_0001/b2147185x_0001_jp2/b2147185x_0001_256_2.jpeg | https://ukmhl.historicaltexts.jisc.ac.uk/media/illustrations/ukmhl/5/items/b2147185x_0001/b2147185x_0001_jp2/b2147185x_0001_290_1.jpeg | https://ukmhl.historicaltexts.jisc.ac.uk/media/illustrations/ukmhl/5/items/b2147185x_0001/b2147185x_0001_jp2/b2147185x_0001_296_1.jpeg | https://ukmhl.historicaltexts.jisc.ac.uk/media/illustrations/ukmhl/5/items/b2147185x_0001/b2147185x_0001_jp2/b2147185x_0001_313_1.jpeg | https://ukmhl.historicaltexts.jisc.ac.uk/media/illustrations/ukmhl/5/items/b2147185x_0001/b2147185x_0001_jp2/b2147185x_0001_319_1.jpeg | https://ukmhl.historicaltexts.jisc.ac.uk/media/illustrations/ukmhl/5/items/b2147185x_0001/b2147185x_0001_jp2/b2147185x_0001_325_1.jpeg | https://ukmhl.historicaltexts.jisc.ac.uk/media/illustrations/ukmhl/5/items/b2147185x_0001/b2147185x_0001_jp2/b2147185x_0001_342_1.jpeg | https://ukmhl.historicaltexts.jisc.ac.uk/media/illustrations/ukmhl/5/items/b2147185x_0001/b2147185x_0001_jp2/b2147185x_0001_348_1.jpeg | https://ukmhl.historicaltexts.jisc.ac.uk/media/illustrations/ukmhl/5/items/b2147185x_0001/b2147185x_0001_jp2/b2147185x_0001_396_1.jpeg | https://ukmhl.historicaltexts.jisc.ac.uk/media/illustrations/ukmhl/5/items/b2147185x_0001/b2147185x_0001_jp2/b2147185x_0001_440_1.jpeg | https://ukmhl.historicaltexts.jisc.ac.uk/media/illustrations/ukmhl/5/items/b2147185x_0001/b2147185x_0001_jp2/b2147185x_0001_542_1.jpeg | https://ukmhl.historicaltexts.jisc.ac.uk/media/illustrations/ukmhl/5/items/b2147185x_0001/b2147185x_0001_jp2/b2147185x_0001_565_1.jpeg | https://ukmhl.historicaltexts.jisc.ac.uk/media/illustrations/ukmhl/5/items/b2147185x_0001/b2147185x_0001_jp2/b2147185x_0001_575_1.jpeg | https://ukmhl.historicaltexts.jisc.ac.uk/media/illustrations/ukmhl/5/items/b2147185x_0001/b2147185x_0001_jp2/b2147185x_0001_594_1.jpeg | 
ukmhl-b21459149,https://ukmhl.historicaltexts.jisc.ac.uk/ukmhl-b21459149,https://ukmhl.historicaltexts.jisc.ac.uk/elasticsearch/ukmhl/publication/ukmhl-b21459149,Food and its functions,[document] b21459149 | [EUW] b21459149 | [Glasgow] b22477500 | ,University of Glasgow Library | ,"Knight, James | ",1895 | ,London | ,Blackie & Son | ,,,Food | ,"[bibliography] Includes index. | [general] Illustrations: wood-engravings, some signed 'A. Karmansky del. M. Rapine sc.' | [general] Publisher's advertisements, 6p. at end. | [holder of originals] This material has been provided by The University of Glasgow Library. The original may be consulted at The University of Glasgow Library. | ",19 cm | ,"282, 6 p | ",300,300,true,true,https://ukmhl.historicaltexts.jisc.ac.uk/media/web/ukmhl/5/items/b21459149/b21459149_alto/toc.json,https://ukmhl.historicaltexts.jisc.ac.uk/media/thumb/ukmhl/5/items/b21459149/b21459149_thumb/b21459149_0001.jpg,https://ukmhl.historicaltexts.jisc.ac.uk/media/pdf/ukmhl/5/items/b21459149/b21459149.pdf,https://ukmhl.historicaltexts.jisc.ac.uk/media/web/ukmhl/5/items/b21459149/b21459149.epub,https://ukmhl.historicaltexts.jisc.ac.uk/media/web/ukmhl/5/items/b21459149/b21459149_djvu.txt,https://ukmhl.historicaltexts.jisc.ac.uk/media/illustrations/ukmhl/5/items/b21459149/b21459149_jp2/b21459149_106_1.jpeg | https://ukmhl.historicaltexts.jisc.ac.uk/media/illustrations/ukmhl/5/items/b21459149/b21459149_jp2/b21459149_108_1.jpeg | https://ukmhl.historicaltexts.jisc.ac.uk/media/illustrations/ukmhl/5/items/b21459149/b21459149_jp2/b21459149_110_1.jpeg | https://ukmhl.historicaltexts.jisc.ac.uk/media/illustrations/ukmhl/5/items/b21459149/b21459149_jp2/b21459149_112_1.jpeg | https://ukmhl.historicaltexts.jisc.ac.uk/media/illustrations/ukmhl/5/items/b21459149/b21459149_jp2/b21459149_116_1.jpeg | https://ukmhl.historicaltexts.jisc.ac.uk/media/illustrations/ukmhl/5/items/b21459149/b21459149_jp2/b21459149_117_1.jpeg | https://ukmhl.historicaltexts.jisc.ac.uk/media/illustrations/ukmhl/5/items/b21459149/b21459149_jp2/b21459149_119_1.jpeg | https://ukmhl.historicaltexts.jisc.ac.uk/media/illustrations/ukmhl/5/items/b21459149/b21459149_jp2/b21459149_17_1.jpeg | https://ukmhl.historicaltexts.jisc.ac.uk/media/illustrations/ukmhl/5/items/b21459149/b21459149_jp2/b21459149_55_1.jpeg | https://ukmhl.historicaltexts.jisc.ac.uk/media/illustrations/ukmhl/5/items/b21459149/b21459149_jp2/b21459149_58_1.jpeg | https://ukmhl.historicaltexts.jisc.ac.uk/media/illustrations/ukmhl/5/items/b21459149/b21459149_jp2/b21459149_61_1.jpeg | https://ukmhl.historicaltexts.jisc.ac.uk/media/illustrations/ukmhl/5/items/b21459149/b21459149_jp2/b21459149_68_1.jpeg | https://ukmhl.historicaltexts.jisc.ac.uk/media/illustrations/ukmhl/5/items/b21459149/b21459149_jp2/b21459149_73_1.jpeg | https://ukmhl.historicaltexts.jisc.ac.uk/media/illustrations/ukmhl/5/items/b21459149/b21459149_jp2/b21459149_82_1.jpeg | https://ukmhl.historicaltexts.jisc.ac.uk/media/illustrations/ukmhl/5/items/b21459149/b21459149_jp2/b21459149_84_1.jpeg | https://ukmhl.historicaltexts.jisc.ac.uk/media/illustrations/ukmhl/5/items/b21459149/b21459149_jp2/b21459149_88_1.jpeg | https://ukmhl.historicaltexts.jisc.ac.uk/media/illustrations/ukmhl/5/items/b21459149/b21459149_jp2/b21459149_93_1.jpeg | https://ukmhl.historicaltexts.jisc.ac.uk/media/illustrations/ukmhl/5/items/b21459149/b21459149_jp2/b21459149_98_1.jpeg | 
ukmhl-b21450936,https://ukmhl.historicaltexts.jisc.ac.uk/ukmhl-b21450936,https://ukmhl.historicaltexts.jisc.ac.uk/elasticsearch/ukmhl/publication/ukmhl-b21450936,Penny vegetarian cookery,[document] b21450936 | [EUW] b21450936 | [Glasgow] b2022624x | ,University of Glasgow Library | ,"Nichols, Thomas Low | ",1891 | ,London | ,Nichols-brill Co. Ltd | ,,,Vegetarianism | ,[holder of originals] This material has been provided by The University of Glasgow Library. The original may be consulted at The University of Glasgow Library. | ,21cm | ,40 p | ,44,44,true,true,https://ukmhl.historicaltexts.jisc.ac.uk/media/web/ukmhl/9/items/b21450936/b21450936_alto/toc.json,https://ukmhl.historicaltexts.jisc.ac.uk/media/thumb/ukmhl/9/items/b21450936/b21450936_thumb/b21450936_0003.jpg,https://ukmhl.historicaltexts.jisc.ac.uk/media/pdf/ukmhl/9/items/b21450936/b21450936.pdf,https://ukmhl.historicaltexts.jisc.ac.uk/media/web/ukmhl/9/items/b21450936/b21450936.epub,https://ukmhl.historicaltexts.jisc.ac.uk/media/web/ukmhl/9/items/b21450936/b21450936_djvu.txt,https://ukmhl.historicaltexts.jisc.ac.uk/media/illustrations/ukmhl/9/items/b21450936/b21450936_jp2/b21450936_11_1.jpeg | https://ukmhl.historicaltexts.jisc.ac.uk/media/illustrations/ukmhl/9/items/b21450936/b21450936_jp2/b21450936_13_1.jpeg | https://ukmhl.historicaltexts.jisc.ac.uk/media/illustrations/ukmhl/9/items/b21450936/b21450936_jp2/b21450936_24_1.jpeg | https://ukmhl.historicaltexts.jisc.ac.uk/media/illustrations/ukmhl/9/items/b21450936/b21450936_jp2/b21450936_2_1.jpeg | https://ukmhl.historicaltexts.jisc.ac.uk/media/illustrations/ukmhl/9/items/b21450936/b21450936_jp2/b21450936_44_1.jpeg | https://ukmhl.historicaltexts.jisc.ac.uk/media/illustrations/ukmhl/9/items/b21450936/b21450936_jp2/b21450936_6_1.jpeg | https://ukmhl.historicaltexts.jisc.ac.uk/media/illustrations/ukmhl/9/items/b21450936/b21450936_jp2/b21450936_7_1.jpeg | https://ukmhl.historicaltexts.jisc.ac.uk/media/illustrations/ukmhl/9/items/b21450936/b21450936_jp2/b21450936_8_1.jpeg | https://ukmhl.historicaltexts.jisc.ac.uk/media/illustrations/ukmhl/9/items/b21450936/b21450936_jp2/b21450936_8_2.jpeg | 
ukmhl-b21466853,https://ukmhl.historicaltexts.jisc.ac.uk/ukmhl-b21466853,https://ukmhl.historicaltexts.jisc.ac.uk/elasticsearch/ukmhl/publication/ukmhl-b21466853,Cookery and domestic economy,[document] b21466853 | [Glasgow] b1248779x | [UkLW] b21466853 | ,University of Glasgow Library | ,"Somerville, Mary | ",18-- | ,Glasgow | ,Sold By Mrs Somerville | ,,,Home economics | ,[general] Includes index. | [holder of duplicates] This material has been provided by The University of Glasgow Library. The original may be consulted at The University of Glasgow Library. | [holder of originals] The University of Glasgow Library. | ,19 cm | ,410 p | ,436,436,true,true,https://ukmhl.historicaltexts.jisc.ac.uk/media/web/ukmhl/19/items/b21466853/b21466853_alto/toc.json,https://ukmhl.historicaltexts.jisc.ac.uk/media/thumb/ukmhl/19/items/b21466853/b21466853_thumb/b21466853_0001.jpg,https://ukmhl.historicaltexts.jisc.ac.uk/media/pdf/ukmhl/19/items/b21466853/b21466853.pdf,https://ukmhl.historicaltexts.jisc.ac.uk/media/web/ukmhl/19/items/b21466853/b21466853.epub,https://ukmhl.historicaltexts.jisc.ac.uk/media/web/ukmhl/19/items/b21466853/b21466853_djvu.txt,https://ukmhl.historicaltexts.jisc.ac.uk/media/illustrations/ukmhl/19/items/b21466853/b21466853_jp2/b21466853_17_1.jpeg | https://ukmhl.historicaltexts.jisc.ac.uk/media/illustrations/ukmhl/19/items/b21466853/b21466853_jp2/b21466853_19_1.jpeg | https://ukmhl.historicaltexts.jisc.ac.uk/media/illustrations/ukmhl/19/items/b21466853/b21466853_jp2/b21466853_35_1.jpeg | 
ukmhl-b2147171x,https://ukmhl.historicaltexts.jisc.ac.uk/ukmhl-b2147171x,https://ukmhl.historicaltexts.jisc.ac.uk/elasticsearch/ukmhl/publication/ukmhl-b2147171x,The chemistry of cookery,[document] b2147171x | [Glasgow] b22184818 | [UkLW] b2147171x | ,University of Glasgow Library | ,"Williams, W. Mattieu | ",1885 | ,London | ,Chatto & Windus | ,,,Cookery | ,[general] Includes index. | [general] Title vignette. | [holder of duplicates] This material has been provided by The University of Glasgow Library. The original may be consulted at The University of Glasgow Library. | [holder of originals] The University of Glasgow Library. | ,20 cm | ,"vi, 328 p | ",376,376,true,true,https://ukmhl.historicaltexts.jisc.ac.uk/media/web/ukmhl/2/items/b2147171x/b2147171x_alto/toc.json,https://ukmhl.historicaltexts.jisc.ac.uk/media/thumb/ukmhl/2/items/b2147171x/b2147171x_thumb/b2147171x_0001.jpg,https://ukmhl.historicaltexts.jisc.ac.uk/media/pdf/ukmhl/2/items/b2147171x/b2147171x.pdf,https://ukmhl.historicaltexts.jisc.ac.uk/media/web/ukmhl/2/items/b2147171x/b2147171x.epub,https://ukmhl.historicaltexts.jisc.ac.uk/media/web/ukmhl/2/items/b2147171x/b2147171x_djvu.txt,https://ukmhl.historicaltexts.jisc.ac.uk/media/illustrations/ukmhl/2/items/b2147171x/b2147171x_jp2/b2147171x_110_1.jpeg | https://ukmhl.historicaltexts.jisc.ac.uk/media/illustrations/ukmhl/2/items/b2147171x/b2147171x_jp2/b2147171x_83_1.jpeg | https://ukmhl.historicaltexts.jisc.ac.uk/media/illustrations/ukmhl/2/items/b2147171x/b2147171x_jp2/b2147171x_84_1.jpeg | https://ukmhl.historicaltexts.jisc.ac.uk/media/illustrations/ukmhl/2/items/b2147171x/b2147171x_jp2/b2147171x_92_1.jpeg | 
ukmhl-b21471745,https://ukmhl.historicaltexts.jisc.ac.uk/ukmhl-b21471745,https://ukmhl.historicaltexts.jisc.ac.uk/elasticsearch/ukmhl/publication/ukmhl-b21471745,"The house book or, family chronicle of useful knowledge, and cottage physician",[document] b21471745 | [Glasgow] b22187133 | [UkLW] b21471745 | ,University of Glasgow Library | ,,1826 | ,London | ,"Printed For Sherwood, Gilbert And Piper | ",,,Home economics | ,[bibliography] Includes bibliographical references and index. | [holder of duplicates] This material has been provided by The University of Glasgow Library. The original may be consulted at The University of Glasgow Library. | [holder of originals] The University of Glasgow Library. | ,23 cm | ,"xvi, 614 p | ",634,634,true,true,https://ukmhl.historicaltexts.jisc.ac.uk/media/web/ukmhl/11/items/b21471745/b21471745_alto/toc.json,https://ukmhl.historicaltexts.jisc.ac.uk/media/thumb/ukmhl/11/items/b21471745/b21471745_thumb/b21471745_0001.jpg,https://ukmhl.historicaltexts.jisc.ac.uk/media/pdf/ukmhl/11/items/b21471745/b21471745.pdf,https://ukmhl.historicaltexts.jisc.ac.uk/media/web/ukmhl/11/items/b21471745/b21471745.epub,https://ukmhl.historicaltexts.jisc.ac.uk/media/web/ukmhl/11/items/b21471745/b21471745_djvu.txt,
ukmhl-b21537872,https://ukmhl.historicaltexts.jisc.ac.uk/ukmhl-b21537872,https://ukmhl.historicaltexts.jisc.ac.uk/elasticsearch/ukmhl/publication/ukmhl-b21537872,Handbook on the principles of cooking,[document] b21537872 | [Leeds] b31843037 | [UkLW] b21537872 | ,University of Leeds Library | ,"Berdmore, Septimus | ",1884 | ,London | ,"Printed And Published For The Executive Council Of The International Health Exhibition, And For The Council Of The Society Of Arts, By William Clowes | ",,,Cookery | ,"[general] At head of t.p.: International Health Exhibition, London, 1884. | [holder of duplicates] This material has been provided by The University of Leeds Library. The original may be consulted at The University of Leeds Library. | [holder of originals] The University of Leeds Library. | ",22 cm | ,84 p | ,92,92,true,true,https://ukmhl.historicaltexts.jisc.ac.uk/media/web/ukmhl/8/items/b21537872/b21537872_alto/toc.json,https://ukmhl.historicaltexts.jisc.ac.uk/media/thumb/ukmhl/8/items/b21537872/b21537872_thumb/b21537872_0001.jpg,https://ukmhl.historicaltexts.jisc.ac.uk/media/pdf/ukmhl/8/items/b21537872/b21537872.pdf,https://ukmhl.historicaltexts.jisc.ac.uk/media/web/ukmhl/8/items/b21537872/b21537872.epub,https://ukmhl.historicaltexts.jisc.ac.uk/media/web/ukmhl/8/items/b21537872/b21537872_djvu.txt,
ukmhl-b22316115,https://ukmhl.historicaltexts.jisc.ac.uk/ukmhl-b22316115,https://ukmhl.historicaltexts.jisc.ac.uk/elasticsearch/ukmhl/publication/ukmhl-b22316115,Materialy dlia dietetiki varenago miasa,[document] b22316115 | [RCS] a48599 | [UkLW] b22316115 | ,Royal College of Surgeons of England | ,"Tarkovskii, Ignatii Vikent'evich | ",1890 | ,S.-Peterburg | ,Tip. Departamenta Udielov | ,,,Meat | ,"[dissertation] 'Seriia dissertatsii, dopushchennykh k zashchitie v Imperatorskoi Voenno-Meditsinskoi Akademii v 1889-1890 akademicheskom godu, no 47' - t.p. | [holder of duplicates] This material has been provided by The Royal College of Surgeons of England. The original may be consulted at The Royal College of Surgeons of England. | [holder of originals] The Royal College of Surgeons of England. | ",24 cm | ,47 p | ,56,56,true,true,https://ukmhl.historicaltexts.jisc.ac.uk/media/web/ukmhl/1/items/b22316115/b22316115_alto/toc.json,https://ukmhl.historicaltexts.jisc.ac.uk/media/thumb/ukmhl/1/items/b22316115/b22316115_thumb/b22316115_0003.jpg,https://ukmhl.historicaltexts.jisc.ac.uk/media/pdf/ukmhl/1/items/b22316115/b22316115.pdf,https://ukmhl.historicaltexts.jisc.ac.uk/media/web/ukmhl/1/items/b22316115/b22316115.epub,https://ukmhl.historicaltexts.jisc.ac.uk/media/web/ukmhl/1/items/b22316115/b22316115_djvu.txt,
ukmhl-b21463438,https://ukmhl.historicaltexts.jisc.ac.uk/ukmhl-b21463438,https://ukmhl.historicaltexts.jisc.ac.uk/elasticsearch/ukmhl/publication/ukmhl-b21463438,Fifty lunches,[document] b21463438 | [EUW] b21463438 | [Glasgow] b1648910x | ,University of Glasgow Library | ,"Kenney-herbert, A. R | ",1903? | ,London | ,E. Arnold | ,,,Food | ,[holder of originals] This material has been provided by The University of Glasgow Library. The original may be consulted at The University of Glasgow Library. | ,,"iv, 172 p | ",218,218,true,true,https://ukmhl.historicaltexts.jisc.ac.uk/media/web/ukmhl/29/items/b21463438/b21463438_alto/toc.json,https://ukmhl.historicaltexts.jisc.ac.uk/media/thumb/ukmhl/29/items/b21463438/b21463438_thumb/b21463438_0001.jpg,https://ukmhl.historicaltexts.jisc.ac.uk/media/pdf/ukmhl/29/items/b21463438/b21463438.pdf,https://ukmhl.historicaltexts.jisc.ac.uk/media/web/ukmhl/29/items/b21463438/b21463438.epub,https://ukmhl.historicaltexts.jisc.ac.uk/media/web/ukmhl/29/items/b21463438/b21463438_djvu.txt,
ukmhl-b21901545,https://ukmhl.historicaltexts.jisc.ac.uk/ukmhl-b21901545,https://ukmhl.historicaltexts.jisc.ac.uk/elasticsearch/ukmhl/publication/ukmhl-b21901545,Food and feeding,[document] b21901545 | [UkLW] b21901545 | ,Royal College of Physicians of Edinburgh (RCPE) | ,,1898 | ,London | ,Frederick Warne | ,,,Food | ,[holder of duplicates] This material has been provided by the Royal College of Physicians of Edinburgh. The original may be consulted at the Royal College of Physicians of Edinburgh. | [holder of originals] Royal College of Physicians of Edinburgh. | ,,312p | ,322,322,true,true,https://ukmhl.historicaltexts.jisc.ac.uk/media/web/ukmhl/17/items/b21901545/b21901545_alto/toc.json,https://ukmhl.historicaltexts.jisc.ac.uk/media/thumb/ukmhl/17/items/b21901545/b21901545_thumb/b21901545_0001.jpg,https://ukmhl.historicaltexts.jisc.ac.uk/media/pdf/ukmhl/17/items/b21901545/b21901545.pdf,https://ukmhl.historicaltexts.jisc.ac.uk/media/web/ukmhl/17/items/b21901545/b21901545.epub,https://ukmhl.historicaltexts.jisc.ac.uk/media/web/ukmhl/17/items/b21901545/b21901545_djvu.txt,
ukmhl-b21901648,https://ukmhl.historicaltexts.jisc.ac.uk/ukmhl-b21901648,https://ukmhl.historicaltexts.jisc.ac.uk/elasticsearch/ukmhl/publication/ukmhl-b21901648,"Foods for the fat : a treatise on corpulency, with dietary for its cure",[document] b21901648 | [UkLW] b21901648 | ,Royal College of Physicians of Edinburgh (RCPE) | ,,1889 | ,London | ,Chatto & Windus | ,,,Obesity | ,[holder of duplicates] This material has been provided by the Royal College of Physicians of Edinburgh. The original may be consulted at the Royal College of Physicians of Edinburgh. | [holder of originals] Royal College of Physicians of Edinburgh. | ,,138 p | ,180,180,true,true,https://ukmhl.historicaltexts.jisc.ac.uk/media/web/ukmhl/0/items/b21901648/b21901648_alto/toc.json,https://ukmhl.historicaltexts.jisc.ac.uk/media/thumb/ukmhl/0/items/b21901648/b21901648_thumb/b21901648_0001.jpg,https://ukmhl.historicaltexts.jisc.ac.uk/media/pdf/ukmhl/0/items/b21901648/b21901648.pdf,https://ukmhl.historicaltexts.jisc.ac.uk/media/web/ukmhl/0/items/b21901648/b21901648.epub,https://ukmhl.historicaltexts.jisc.ac.uk/media/web/ukmhl/0/items/b21901648/b21901648_djvu.txt,
ukmhl-b21471642,https://ukmhl.historicaltexts.jisc.ac.uk/ukmhl-b21471642,https://ukmhl.historicaltexts.jisc.ac.uk/elasticsearch/ukmhl/publication/ukmhl-b21471642,"The pantropheon or, history of food, and its preparation, from the earliest ages of the world",[document] b21471642 | [Glasgow] b12358903 | [UkLW] b21471642 | ,University of Glasgow Library | ,"Soyer, Alexis | ",1853 | ,London | ,"Simpkin, Marshall & Co | ",,,Gastronomy | ,[general] Includes index. | [holder of duplicates] This material has been provided by The University of Glasgow Library. The original may be consulted at The University of Glasgow Library. | [holder of originals] The University of Glasgow Library. | ,24 cm | ,"xvi, 474 p | ",593,593,true,true,https://ukmhl.historicaltexts.jisc.ac.uk/media/web/ukmhl/30/items/b21471642/b21471642_alto/toc.json,https://ukmhl.historicaltexts.jisc.ac.uk/media/thumb/ukmhl/30/items/b21471642/b21471642_thumb/b21471642_0001.jpg,https://ukmhl.historicaltexts.jisc.ac.uk/media/pdf/ukmhl/30/items/b21471642/b21471642.pdf,https://ukmhl.historicaltexts.jisc.ac.uk/media/web/ukmhl/30/items/b21471642/b21471642.epub,https://ukmhl.historicaltexts.jisc.ac.uk/media/web/ukmhl/30/items/b21471642/b21471642_djvu.txt,https://ukmhl.historicaltexts.jisc.ac.uk/media/illustrations/ukmhl/30/items/b21471642/b21471642_jp2/b21471642_309_1.jpeg | https://ukmhl.historicaltexts.jisc.ac.uk/media/illustrations/ukmhl/30/items/b21471642/b21471642_jp2/b21471642_449_1.jpeg | https://ukmhl.historicaltexts.jisc.ac.uk/media/illustrations/ukmhl/30/items/b21471642/b21471642_jp2/b21471642_449_2.jpeg | https://ukmhl.historicaltexts.jisc.ac.uk/media/illustrations/ukmhl/30/items/b21471642/b21471642_jp2/b21471642_45_1.jpeg | https://ukmhl.historicaltexts.jisc.ac.uk/media/illustrations/ukmhl/30/items/b21471642/b21471642_jp2/b21471642_49_1.jpeg | https://ukmhl.historicaltexts.jisc.ac.uk/media/illustrations/ukmhl/30/items/b21471642/b21471642_jp2/b21471642_500_1.jpeg | 
ukmhl-b21471812,https://ukmhl.historicaltexts.jisc.ac.uk/ukmhl-b21471812,https://ukmhl.historicaltexts.jisc.ac.uk/elasticsearch/ukmhl/publication/ukmhl-b21471812,"Breakfasts, luncheons, and ball suppers",[document] b21471812 | [Glasgow] b22187534 | [UkLW] b21471812 | ,University of Glasgow Library | ,L | ,1887 | ,London | ,"Chapman And Hall, Limited | ",,,Cookery | ,[general] Includes index. | [holder of duplicates] This material has been provided by The University of Glasgow Library. The original may be consulted at The University of Glasgow Library. | [holder of originals] The University of Glasgow Library. | ,20 cm | ,"ix, 146, 16 p | ",180,180,true,true,https://ukmhl.historicaltexts.jisc.ac.uk/media/web/ukmhl/7/items/b21471812/b21471812_alto/toc.json,https://ukmhl.historicaltexts.jisc.ac.uk/media/thumb/ukmhl/7/items/b21471812/b21471812_thumb/b21471812_0001.jpg,https://ukmhl.historicaltexts.jisc.ac.uk/media/pdf/ukmhl/7/items/b21471812/b21471812.pdf,https://ukmhl.historicaltexts.jisc.ac.uk/media/web/ukmhl/7/items/b21471812/b21471812.epub,https://ukmhl.historicaltexts.jisc.ac.uk/media/web/ukmhl/7/items/b21471812/b21471812_djvu.txt,https://ukmhl.historicaltexts.jisc.ac.uk/media/illustrations/ukmhl/7/items/b21471812/b21471812_jp2/b21471812_162_1.jpeg | https://ukmhl.historicaltexts.jisc.ac.uk/media/illustrations/ukmhl/7/items/b21471812/b21471812_jp2/b21471812_162_2.jpeg | https://ukmhl.historicaltexts.jisc.ac.uk/media/illustrations/ukmhl/7/items/b21471812/b21471812_jp2/b21471812_164_1.jpeg | https://ukmhl.historicaltexts.jisc.ac.uk/media/illustrations/ukmhl/7/items/b21471812/b21471812_jp2/b21471812_164_2.jpeg | https://ukmhl.historicaltexts.jisc.ac.uk/media/illustrations/ukmhl/7/items/b21471812/b21471812_jp2/b21471812_169_1.jpeg | https://ukmhl.historicaltexts.jisc.ac.uk/media/illustrations/ukmhl/7/items/b21471812/b21471812_jp2/b21471812_169_2.jpeg | 
ukmhl-b21471848_0001,https://ukmhl.historicaltexts.jisc.ac.uk/ukmhl-b21471848_0001,https://ukmhl.historicaltexts.jisc.ac.uk/elasticsearch/ukmhl/publication/ukmhl-b21471848_0001,The Book of the household,[document] b21471848_0001 | [Glasgow] b22196171 | [UkLW] b21471848 | ,University of Glasgow Library | ,,1862-1864 | ,London | ,London Print. And Pub. Co | ,1 | ,[earliest]1862 | [latest]1864 | ,Home economics | ,[holder of duplicates] This material has been provided by The University of Glasgow Library. The original may be consulted at The University of Glasgow Library. | [holder of originals] The University of Glasgow Library. | ,27 cm | ,2 v | ,610,610,true,true,https://ukmhl.historicaltexts.jisc.ac.uk/media/web/ukmhl/23/items/b21471848_0001/b21471848_0001_alto/toc.json,https://ukmhl.historicaltexts.jisc.ac.uk/media/thumb/ukmhl/23/items/b21471848_0001/b21471848_0001_thumb/b21471848_0001_0001.jpg,https://ukmhl.historicaltexts.jisc.ac.uk/media/pdf/ukmhl/23/items/b21471848_0001/b21471848_0001.pdf,https://ukmhl.historicaltexts.jisc.ac.uk/media/web/ukmhl/23/items/b21471848_0001/b21471848_0001.epub,https://ukmhl.historicaltexts.jisc.ac.uk/media/web/ukmhl/23/items/b21471848_0001/b21471848_0001_djvu.txt,https://ukmhl.historicaltexts.jisc.ac.uk/media/illustrations/ukmhl/23/items/b21471848_0001/b21471848_0001_jp2/b21471848_0001_166_1.jpeg | https://ukmhl.historicaltexts.jisc.ac.uk/media/illustrations/ukmhl/23/items/b21471848_0001/b21471848_0001_jp2/b21471848_0001_518_1.jpeg | 
ukmhl-b21471708,https://ukmhl.historicaltexts.jisc.ac.uk/ukmhl-b21471708,https://ukmhl.historicaltexts.jisc.ac.uk/elasticsearch/ukmhl/publication/ukmhl-b21471708,An encyclopaedia of domestic economy comprising such subjects as are most immediately connected with housekeeping,[document] b21471708 | [Glasgow] b12244521 | [UkLW] b21471708 | ,University of Glasgow Library | ,"Webster, Thomas | ",1844 | ,London | ,"Longman, Brown, Green, & Longmans | ",,,Household employees | ,[holder of duplicates] This material has been provided by The University of Glasgow Library. The original may be consulted at The University of Glasgow Library. | [holder of originals] The University of Glasgow Library. | ,23 cm | ,"xix, 1264, 32 pages | ",1294,1294,true,true,https://ukmhl.historicaltexts.jisc.ac.uk/media/web/ukmhl/20/items/b21471708/b21471708_alto/toc.json,https://ukmhl.historicaltexts.jisc.ac.uk/media/thumb/ukmhl/20/items/b21471708/b21471708_thumb/b21471708_0001.jpg,https://ukmhl.historicaltexts.jisc.ac.uk/media/pdf/ukmhl/20/items/b21471708/b21471708.pdf,https://ukmhl.historicaltexts.jisc.ac.uk/media/web/ukmhl/20/items/b21471708/b21471708.epub,https://ukmhl.historicaltexts.jisc.ac.uk/media/web/ukmhl/20/items/b21471708/b21471708_djvu.txt,https://ukmhl.historicaltexts.jisc.ac.uk/media/illustrations/ukmhl/20/items/b21471708/b21471708_jp2/b21471708_1003_1.jpeg | https://ukmhl.historicaltexts.jisc.ac.uk/media/illustrations/ukmhl/20/items/b21471708/b21471708_jp2/b21471708_1116_1.jpeg | https://ukmhl.historicaltexts.jisc.ac.uk/media/illustrations/ukmhl/20/items/b21471708/b21471708_jp2/b21471708_1134_1.jpeg | https://ukmhl.historicaltexts.jisc.ac.uk/media/illustrations/ukmhl/20/items/b21471708/b21471708_jp2/b21471708_1136_1.jpeg | https://ukmhl.historicaltexts.jisc.ac.uk/media/illustrations/ukmhl/20/items/b21471708/b21471708_jp2/b21471708_1136_2.jpeg | https://ukmhl.historicaltexts.jisc.ac.uk/media/illustrations/ukmhl/20/items/b21471708/b21471708_jp2/b21471708_1138_1.jpeg | https://ukmhl.historicaltexts.jisc.ac.uk/media/illustrations/ukmhl/20/items/b21471708/b21471708_jp2/b21471708_1139_1.jpeg | https://ukmhl.historicaltexts.jisc.ac.uk/media/illustrations/ukmhl/20/items/b21471708/b21471708_jp2/b21471708_1162_1.jpeg | https://ukmhl.historicaltexts.jisc.ac.uk/media/illustrations/ukmhl/20/items/b21471708/b21471708_jp2/b21471708_1245_1.jpeg | https://ukmhl.historicaltexts.jisc.ac.uk/media/illustrations/ukmhl/20/items/b21471708/b21471708_jp2/b21471708_1249_1.jpeg | https://ukmhl.historicaltexts.jisc.ac.uk/media/illustrations/ukmhl/20/items/b21471708/b21471708_jp2/b21471708_160_1.jpeg | https://ukmhl.historicaltexts.jisc.ac.uk/media/illustrations/ukmhl/20/items/b21471708/b21471708_jp2/b21471708_172_1.jpeg | https://ukmhl.historicaltexts.jisc.ac.uk/media/illustrations/ukmhl/20/items/b21471708/b21471708_jp2/b21471708_174_1.jpeg | https://ukmhl.historicaltexts.jisc.ac.uk/media/illustrations/ukmhl/20/items/b21471708/b21471708_jp2/b21471708_175_1.jpeg | https://ukmhl.historicaltexts.jisc.ac.uk/media/illustrations/ukmhl/20/items/b21471708/b21471708_jp2/b21471708_175_2.jpeg | https://ukmhl.historicaltexts.jisc.ac.uk/media/illustrations/ukmhl/20/items/b21471708/b21471708_jp2/b21471708_176_1.jpeg | https://ukmhl.historicaltexts.jisc.ac.uk/media/illustrations/ukmhl/20/items/b21471708/b21471708_jp2/b21471708_178_1.jpeg | https://ukmhl.historicaltexts.jisc.ac.uk/media/illustrations/ukmhl/20/items/b21471708/b21471708_jp2/b21471708_178_2.jpeg | https://ukmhl.historicaltexts.jisc.ac.uk/media/illustrations/ukmhl/20/items/b21471708/b21471708_jp2/b21471708_179_1.jpeg | https://ukmhl.historicaltexts.jisc.ac.uk/media/illustrations/ukmhl/20/items/b21471708/b21471708_jp2/b21471708_238_1.jpeg | https://ukmhl.historicaltexts.jisc.ac.uk/media/illustrations/ukmhl/20/items/b21471708/b21471708_jp2/b21471708_247_1.jpeg | https://ukmhl.historicaltexts.jisc.ac.uk/media/illustrations/ukmhl/20/items/b21471708/b21471708_jp2/b21471708_257_1.jpeg | https://ukmhl.historicaltexts.jisc.ac.uk/media/illustrations/ukmhl/20/items/b21471708/b21471708_jp2/b21471708_258_1.jpeg | https://ukmhl.historicaltexts.jisc.ac.uk/media/illustrations/ukmhl/20/items/b21471708/b21471708_jp2/b21471708_260_1.jpeg | https://ukmhl.historicaltexts.jisc.ac.uk/media/illustrations/ukmhl/20/items/b21471708/b21471708_jp2/b21471708_260_2.jpeg | https://ukmhl.historicaltexts.jisc.ac.uk/media/illustrations/ukmhl/20/items/b21471708/b21471708_jp2/b21471708_261_1.jpeg | https://ukmhl.historicaltexts.jisc.ac.uk/media/illustrations/ukmhl/20/items/b21471708/b21471708_jp2/b21471708_262_1.jpeg | https://ukmhl.historicaltexts.jisc.ac.uk/media/illustrations/ukmhl/20/items/b21471708/b21471708_jp2/b21471708_264_1.jpeg | https://ukmhl.historicaltexts.jisc.ac.uk/media/illustrations/ukmhl/20/items/b21471708/b21471708_jp2/b21471708_265_1.jpeg | https://ukmhl.historicaltexts.jisc.ac.uk/media/illustrations/ukmhl/20/items/b21471708/b21471708_jp2/b21471708_268_1.jpeg | https://ukmhl.historicaltexts.jisc.ac.uk/media/illustrations/ukmhl/20/items/b21471708/b21471708_jp2/b21471708_268_2.jpeg | https://ukmhl.historicaltexts.jisc.ac.uk/media/illustrations/ukmhl/20/items/b21471708/b21471708_jp2/b21471708_270_1.jpeg | https://ukmhl.historicaltexts.jisc.ac.uk/media/illustrations/ukmhl/20/items/b21471708/b21471708_jp2/b21471708_270_2.jpeg | https://ukmhl.historicaltexts.jisc.ac.uk/media/illustrations/ukmhl/20/items/b21471708/b21471708_jp2/b21471708_272_1.jpeg | https://ukmhl.historicaltexts.jisc.ac.uk/media/illustrations/ukmhl/20/items/b21471708/b21471708_jp2/b21471708_272_2.jpeg | https://ukmhl.historicaltexts.jisc.ac.uk/media/illustrations/ukmhl/20/items/b21471708/b21471708_jp2/b21471708_285_1.jpeg | https://ukmhl.historicaltexts.jisc.ac.uk/media/illustrations/ukmhl/20/items/b21471708/b21471708_jp2/b21471708_288_1.jpeg | https://ukmhl.historicaltexts.jisc.ac.uk/media/illustrations/ukmhl/20/items/b21471708/b21471708_jp2/b21471708_290_1.jpeg | https://ukmhl.historicaltexts.jisc.ac.uk/media/illustrations/ukmhl/20/items/b21471708/b21471708_jp2/b21471708_292_1.jpeg | https://ukmhl.historicaltexts.jisc.ac.uk/media/illustrations/ukmhl/20/items/b21471708/b21471708_jp2/b21471708_29_1.jpeg | https://ukmhl.historicaltexts.jisc.ac.uk/media/illustrations/ukmhl/20/items/b21471708/b21471708_jp2/b21471708_29_2.jpeg | https://ukmhl.historicaltexts.jisc.ac.uk/media/illustrations/ukmhl/20/items/b21471708/b21471708_jp2/b21471708_2_1.jpeg | https://ukmhl.historicaltexts.jisc.ac.uk/media/illustrations/ukmhl/20/items/b21471708/b21471708_jp2/b21471708_303_1.jpeg | https://ukmhl.historicaltexts.jisc.ac.uk/media/illustrations/ukmhl/20/items/b21471708/b21471708_jp2/b21471708_307_1.jpeg | https://ukmhl.historicaltexts.jisc.ac.uk/media/illustrations/ukmhl/20/items/b21471708/b21471708_jp2/b21471708_32_1.jpeg | https://ukmhl.historicaltexts.jisc.ac.uk/media/illustrations/ukmhl/20/items/b21471708/b21471708_jp2/b21471708_330_1.jpeg | https://ukmhl.historicaltexts.jisc.ac.uk/media/illustrations/ukmhl/20/items/b21471708/b21471708_jp2/b21471708_33_1.jpeg | https://ukmhl.historicaltexts.jisc.ac.uk/media/illustrations/ukmhl/20/items/b21471708/b21471708_jp2/b21471708_340_1.jpeg | https://ukmhl.historicaltexts.jisc.ac.uk/media/illustrations/ukmhl/20/items/b21471708/b21471708_jp2/b21471708_3_1.jpeg | https://ukmhl.historicaltexts.jisc.ac.uk/media/illustrations/ukmhl/20/items/b21471708/b21471708_jp2/b21471708_57_1.jpeg | https://ukmhl.historicaltexts.jisc.ac.uk/media/illustrations/ukmhl/20/items/b21471708/b21471708_jp2/b21471708_700_1.jpeg | https://ukmhl.historicaltexts.jisc.ac.uk/media/illustrations/ukmhl/20/items/b21471708/b21471708_jp2/b21471708_736_1.jpeg | https://ukmhl.historicaltexts.jisc.ac.uk/media/illustrations/ukmhl/20/items/b21471708/b21471708_jp2/b21471708_738_1.jpeg | https://ukmhl.historicaltexts.jisc.ac.uk/media/illustrations/ukmhl/20/items/b21471708/b21471708_jp2/b21471708_839_1.jpeg | https://ukmhl.historicaltexts.jisc.ac.uk/media/illustrations/ukmhl/20/items/b21471708/b21471708_jp2/b21471708_840_1.jpeg | https://ukmhl.historicaltexts.jisc.ac.uk/media/illustrations/ukmhl/20/items/b21471708/b21471708_jp2/b21471708_866_1.jpeg | https://ukmhl.historicaltexts.jisc.ac.uk/media/illustrations/ukmhl/20/items/b21471708/b21471708_jp2/b21471708_872_1.jpeg | https://ukmhl.historicaltexts.jisc.ac.uk/media/illustrations/ukmhl/20/items/b21471708/b21471708_jp2/b21471708_878_1.jpeg | 
ukmhl-b2147185x_0002,https://ukmhl.historicaltexts.jisc.ac.uk/ukmhl-b2147185x_0002,https://ukmhl.historicaltexts.jisc.ac.uk/elasticsearch/ukmhl/publication/ukmhl-b2147185x_0002,Cassell's dictionary of cookery,[document] b2147185x_0002 | [Glasgow] b2219597x | [UkLW] b2147185x | ,University of Glasgow Library | ,,1892 | ,London | ,Cassell & Co | ,2 | ,[earliest]1892 | [latest]1892 | ,Cookery | ,"[general] ""One hundred and fifteenth thousand."" | [holder of duplicates] This material has been provided by The University of Glasgow Library. The original may be consulted at The University of Glasgow Library. | [holder of originals] The University of Glasgow Library. | ",24 cm | ,"2 v. (iv, xcvi, 1178 p., 4 leaves of plates) | ",676,676,true,true,https://ukmhl.historicaltexts.jisc.ac.uk/media/web/ukmhl/33/items/b2147185x_0002/b2147185x_0002_alto/toc.json,https://ukmhl.historicaltexts.jisc.ac.uk/media/thumb/ukmhl/33/items/b2147185x_0002/b2147185x_0002_thumb/b2147185x_0002_0001.jpg,https://ukmhl.historicaltexts.jisc.ac.uk/media/pdf/ukmhl/33/items/b2147185x_0002/b2147185x_0002.pdf,https://ukmhl.historicaltexts.jisc.ac.uk/media/web/ukmhl/33/items/b2147185x_0002/b2147185x_0002.epub,https://ukmhl.historicaltexts.jisc.ac.uk/media/web/ukmhl/33/items/b2147185x_0002/b2147185x_0002_djvu.txt,https://ukmhl.historicaltexts.jisc.ac.uk/media/illustrations/ukmhl/33/items/b2147185x_0002/b2147185x_0002_jp2/b2147185x_0002_14_1.jpeg | https://ukmhl.historicaltexts.jisc.ac.uk/media/illustrations/ukmhl/33/items/b2147185x_0002/b2147185x_0002_jp2/b2147185x_0002_163_1.jpeg | https://ukmhl.historicaltexts.jisc.ac.uk/media/illustrations/ukmhl/33/items/b2147185x_0002/b2147185x_0002_jp2/b2147185x_0002_168_1.jpeg | https://ukmhl.historicaltexts.jisc.ac.uk/media/illustrations/ukmhl/33/items/b2147185x_0002/b2147185x_0002_jp2/b2147185x_0002_172_1.jpeg | https://ukmhl.historicaltexts.jisc.ac.uk/media/illustrations/ukmhl/33/items/b2147185x_0002/b2147185x_0002_jp2/b2147185x_0002_189_1.jpeg | https://ukmhl.historicaltexts.jisc.ac.uk/media/illustrations/ukmhl/33/items/b2147185x_0002/b2147185x_0002_jp2/b2147185x_0002_196_1.jpeg | https://ukmhl.historicaltexts.jisc.ac.uk/media/illustrations/ukmhl/33/items/b2147185x_0002/b2147185x_0002_jp2/b2147185x_0002_209_1.jpeg | https://ukmhl.historicaltexts.jisc.ac.uk/media/illustrations/ukmhl/33/items/b2147185x_0002/b2147185x_0002_jp2/b2147185x_0002_211_1.jpeg | https://ukmhl.historicaltexts.jisc.ac.uk/media/illustrations/ukmhl/33/items/b2147185x_0002/b2147185x_0002_jp2/b2147185x_0002_220_1.jpeg | https://ukmhl.historicaltexts.jisc.ac.uk/media/illustrations/ukmhl/33/items/b2147185x_0002/b2147185x_0002_jp2/b2147185x_0002_224_1.jpeg | https://ukmhl.historicaltexts.jisc.ac.uk/media/illustrations/ukmhl/33/items/b2147185x_0002/b2147185x_0002_jp2/b2147185x_0002_260_1.jpeg | https://ukmhl.historicaltexts.jisc.ac.uk/media/illustrations/ukmhl/33/items/b2147185x_0002/b2147185x_0002_jp2/b2147185x_0002_276_1.jpeg | https://ukmhl.historicaltexts.jisc.ac.uk/media/illustrations/ukmhl/33/items/b2147185x_0002/b2147185x_0002_jp2/b2147185x_0002_278_1.jpeg | https://ukmhl.historicaltexts.jisc.ac.uk/media/illustrations/ukmhl/33/items/b2147185x_0002/b2147185x_0002_jp2/b2147185x_0002_304_1.jpeg | https://ukmhl.historicaltexts.jisc.ac.uk/media/illustrations/ukmhl/33/items/b2147185x_0002/b2147185x_0002_jp2/b2147185x_0002_313_1.jpeg | https://ukmhl.historicaltexts.jisc.ac.uk/media/illustrations/ukmhl/33/items/b2147185x_0002/b2147185x_0002_jp2/b2147185x_0002_334_1.jpeg | https://ukmhl.historicaltexts.jisc.ac.uk/media/illustrations/ukmhl/33/items/b2147185x_0002/b2147185x_0002_jp2/b2147185x_0002_335_1.jpeg | https://ukmhl.historicaltexts.jisc.ac.uk/media/illustrations/ukmhl/33/items/b2147185x_0002/b2147185x_0002_jp2/b2147185x_0002_341_1.jpeg | https://ukmhl.historicaltexts.jisc.ac.uk/media/illustrations/ukmhl/33/items/b2147185x_0002/b2147185x_0002_jp2/b2147185x_0002_373_1.jpeg | https://ukmhl.historicaltexts.jisc.ac.uk/media/illustrations/ukmhl/33/items/b2147185x_0002/b2147185x_0002_jp2/b2147185x_0002_374_1.jpeg | https://ukmhl.historicaltexts.jisc.ac.uk/media/illustrations/ukmhl/33/items/b2147185x_0002/b2147185x_0002_jp2/b2147185x_0002_379_1.jpeg | https://ukmhl.historicaltexts.jisc.ac.uk/media/illustrations/ukmhl/33/items/b2147185x_0002/b2147185x_0002_jp2/b2147185x_0002_404_1.jpeg | https://ukmhl.historicaltexts.jisc.ac.uk/media/illustrations/ukmhl/33/items/b2147185x_0002/b2147185x_0002_jp2/b2147185x_0002_419_1.jpeg | https://ukmhl.historicaltexts.jisc.ac.uk/media/illustrations/ukmhl/33/items/b2147185x_0002/b2147185x_0002_jp2/b2147185x_0002_424_1.jpeg | https://ukmhl.historicaltexts.jisc.ac.uk/media/illustrations/ukmhl/33/items/b2147185x_0002/b2147185x_0002_jp2/b2147185x_0002_446_1.jpeg | https://ukmhl.historicaltexts.jisc.ac.uk/media/illustrations/ukmhl/33/items/b2147185x_0002/b2147185x_0002_jp2/b2147185x_0002_447_1.jpeg | https://ukmhl.historicaltexts.jisc.ac.uk/media/illustrations/ukmhl/33/items/b2147185x_0002/b2147185x_0002_jp2/b2147185x_0002_451_1.jpeg | https://ukmhl.historicaltexts.jisc.ac.uk/media/illustrations/ukmhl/33/items/b2147185x_0002/b2147185x_0002_jp2/b2147185x_0002_454_1.jpeg | https://ukmhl.historicaltexts.jisc.ac.uk/media/illustrations/ukmhl/33/items/b2147185x_0002/b2147185x_0002_jp2/b2147185x_0002_455_1.jpeg | https://ukmhl.historicaltexts.jisc.ac.uk/media/illustrations/ukmhl/33/items/b2147185x_0002/b2147185x_0002_jp2/b2147185x_0002_458_1.jpeg | https://ukmhl.historicaltexts.jisc.ac.uk/media/illustrations/ukmhl/33/items/b2147185x_0002/b2147185x_0002_jp2/b2147185x_0002_459_1.jpeg | https://ukmhl.historicaltexts.jisc.ac.uk/media/illustrations/ukmhl/33/items/b2147185x_0002/b2147185x_0002_jp2/b2147185x_0002_470_1.jpeg | https://ukmhl.historicaltexts.jisc.ac.uk/media/illustrations/ukmhl/33/items/b2147185x_0002/b2147185x_0002_jp2/b2147185x_0002_484_1.jpeg | https://ukmhl.historicaltexts.jisc.ac.uk/media/illustrations/ukmhl/33/items/b2147185x_0002/b2147185x_0002_jp2/b2147185x_0002_487_1.jpeg | https://ukmhl.historicaltexts.jisc.ac.uk/media/illustrations/ukmhl/33/items/b2147185x_0002/b2147185x_0002_jp2/b2147185x_0002_489_1.jpeg | https://ukmhl.historicaltexts.jisc.ac.uk/media/illustrations/ukmhl/33/items/b2147185x_0002/b2147185x_0002_jp2/b2147185x_0002_508_1.jpeg | https://ukmhl.historicaltexts.jisc.ac.uk/media/illustrations/ukmhl/33/items/b2147185x_0002/b2147185x_0002_jp2/b2147185x_0002_515_1.jpeg | https://ukmhl.historicaltexts.jisc.ac.uk/media/illustrations/ukmhl/33/items/b2147185x_0002/b2147185x_0002_jp2/b2147185x_0002_558_1.jpeg | https://ukmhl.historicaltexts.jisc.ac.uk/media/illustrations/ukmhl/33/items/b2147185x_0002/b2147185x_0002_jp2/b2147185x_0002_590_1.jpeg | https://ukmhl.historicaltexts.jisc.ac.uk/media/illustrations/ukmhl/33/items/b2147185x_0002/b2147185x_0002_jp2/b2147185x_0002_592_1.jpeg | https://ukmhl.historicaltexts.jisc.ac.uk/media/illustrations/ukmhl/33/items/b2147185x_0002/b2147185x_0002_jp2/b2147185x_0002_595_1.jpeg | https://ukmhl.historicaltexts.jisc.ac.uk/media/illustrations/ukmhl/33/items/b2147185x_0002/b2147185x_0002_jp2/b2147185x_0002_599_1.jpeg | https://ukmhl.historicaltexts.jisc.ac.uk/media/illustrations/ukmhl/33/items/b2147185x_0002/b2147185x_0002_jp2/b2147185x_0002_599_2.jpeg | https://ukmhl.historicaltexts.jisc.ac.uk/media/illustrations/ukmhl/33/items/b2147185x_0002/b2147185x_0002_jp2/b2147185x_0002_601_1.jpeg | https://ukmhl.historicaltexts.jisc.ac.uk/media/illustrations/ukmhl/33/items/b2147185x_0002/b2147185x_0002_jp2/b2147185x_0002_608_1.jpeg | https://ukmhl.historicaltexts.jisc.ac.uk/media/illustrations/ukmhl/33/items/b2147185x_0002/b2147185x_0002_jp2/b2147185x_0002_614_1.jpeg | https://ukmhl.historicaltexts.jisc.ac.uk/media/illustrations/ukmhl/33/items/b2147185x_0002/b2147185x_0002_jp2/b2147185x_0002_615_1.jpeg | https://ukmhl.historicaltexts.jisc.ac.uk/media/illustrations/ukmhl/33/items/b2147185x_0002/b2147185x_0002_jp2/b2147185x_0002_636_1.jpeg | https://ukmhl.historicaltexts.jisc.ac.uk/media/illustrations/ukmhl/33/items/b2147185x_0002/b2147185x_0002_jp2/b2147185x_0002_661_1.jpeg | https://ukmhl.historicaltexts.jisc.ac.uk/media/illustrations/ukmhl/33/items/b2147185x_0002/b2147185x_0002_jp2/b2147185x_0002_68_1.jpeg | https://ukmhl.historicaltexts.jisc.ac.uk/media/illustrations/ukmhl/33/items/b2147185x_0002/b2147185x_0002_jp2/b2147185x_0002_74_1.jpeg | https://ukmhl.historicaltexts.jisc.ac.uk/media/illustrations/ukmhl/33/items/b2147185x_0002/b2147185x_0002_jp2/b2147185x_0002_82_1.jpeg | https://ukmhl.historicaltexts.jisc.ac.uk/media/illustrations/ukmhl/33/items/b2147185x_0002/b2147185x_0002_jp2/b2147185x_0002_87_1.jpeg | 
ukmhl-b21690388,https://ukmhl.historicaltexts.jisc.ac.uk/ukmhl-b21690388,https://ukmhl.historicaltexts.jisc.ac.uk/elasticsearch/ukmhl/publication/ukmhl-b21690388,The Apsley cookery book : containing 448 recipes for the uric-acid-free diet,[document] b21690388 | [UkLW] b21690388 | ,Royal College of Physicians of Edinburgh (RCPE) | ,Jessop F. W. Mrs | ,1905 | ,London | ,J. & A. Churchill | ,,,Uric Acid | ,[holder of duplicates] This material has been provided by the Royal College of Physicians of Edinburgh. The original may be consulted at the Royal College of Physicians of Edinburgh. | [holder of originals] Royal College of Physicians of Edinburgh. | ,,"xxvii, 227 p | ",280,280,true,true,https://ukmhl.historicaltexts.jisc.ac.uk/media/web/ukmhl/32/items/b21690388/b21690388_alto/toc.json,https://ukmhl.historicaltexts.jisc.ac.uk/media/thumb/ukmhl/32/items/b21690388/b21690388_thumb/b21690388_0001.jpg,https://ukmhl.historicaltexts.jisc.ac.uk/media/pdf/ukmhl/32/items/b21690388/b21690388.pdf,https://ukmhl.historicaltexts.jisc.ac.uk/media/web/ukmhl/32/items/b21690388/b21690388.epub,https://ukmhl.historicaltexts.jisc.ac.uk/media/web/ukmhl/32/items/b21690388/b21690388_djvu.txt,https://ukmhl.historicaltexts.jisc.ac.uk/media/illustrations/ukmhl/32/items/b21690388/b21690388_jp2/b21690388_8_1.jpeg | https://ukmhl.historicaltexts.jisc.ac.uk/media/illustrations/ukmhl/32/items/b21690388/b21690388_jp2/b21690388_9_1.jpeg | 
